num,id,ingredients
0,Grilled-Shrimp-with-Piri-Piri-Sauce-2302439,"['jumbo shrimp', 'sauce', 'lemon', 'kosher salt']"
1,Portuguese-Style-_Pica-Pau_-with-Pork-Meat-783286,"['pork loin', 'pickles', 'parsley', 'olive oil', 'beer', 'salt', 'pepper']"
2,Portuguese-Grilled-Pork-Ribs-1557482,"['pork ribs', 'white wine', 'garlic', 'fresh thyme', 'olive oil', 'salt', 'black pepper']"
3,Portuguese-Chicken-_-Chorizo-Jambalaya-2301793,"['extra-virgin olive oil', 'boneless skinless chicken thighs', 'chorizo sausage', 'scallions', 'garlic', 'ground cloves', 'fire roasted diced tomatoes', 'long-grain rice']"
4,Portuguese-filet-of-Swai-1034344,"['fillets', 'lemon juice', 'butter', 'dry sherry', 'soy sauce', 'parsley', 'egg yolks']"
5,Peri-Peri-Chicken_-the-spicy-Portuguese-chicken-2187843,"['olive oil', 'chili', 'garlic', 'lemon', 'paprika', 'bay leaf', 'oregano', 'sea salt', 'pepper', 'chicken legs']"
6,Portuguese-Style-Baked-Eggs-2059832,"['olive oil', 'red bell pepper', 'onions', 'garlic', 'crushed red pepper flakes', 'chili powder', 'paprika', 'jalapeno chilies', 'fire roasted diced tomatoes', 'tomatoes', 'fresh basil', 'fresh oregano', 'large eggs', 'ricotta cheese', 'cheddar cheese', 'grated parmesan cheese', 'kosher salt', 'black pepper', 'rustic bread', 'kalamata', 'olives', 'radishes', 'sea salt', 'clementines']"
7,Portuguese-Chicken-1226304,"['chicken', 'lemon', 'chillies', 'paprika', 'cumin', 'coriander', 'sweet paprika', 'dried oregano', 'garlic', 'bay leaves', 'olive oil', 'salt', 'pepper']"
8,Portuguese-Beef-Stew-with-Ruby-Port-1991506,"['extra-virgin olive oil', 'boneless beef short ribs', 'salt', 'freshly ground pepper', 'spanish onion', 'medium carrot', 'ruby port', 'dry red wine']"
9,Portuguese-Chourico-And-Peppers-Allrecipes,"['sausage casings', 'green bell pepper', 'sweet onion', 'tomato paste', 'red wine', 'water', 'crushed garlic']"
10,Portuguese-Beans-1339906,"['pink beans', 'linguisa', 'onions', 'garlic', 'tomato sauce', 'brown sugar', 'cumin', 'allspice']"
11,Portuguese-Style-Chicken-Drumsticks-983096,"['chicken drumsticks', 'clove', 'paprika', 'chili flakes', 'ground cumin', 'dried oregano', 'lemon juice', 'extra-virgin olive oil', 'brown sugar', 'black pepper', 'sea salt']"
12,Portuguese-Marinated-Chicken-1189834,"['chicken drumsticks', 'juice', 'olive oil', 'wine', 'paprika', 'crushed red pepper', 'clove', 'sea salt', 'parsley']"
13,Portuguese-Pot-Roast-1626613,"['dry red wine', 'tomato paste', 'parsley flakes', 'bay leaves', 'paprika', 'crushed red pepper flakes', 'salt', 'boneless chuck roast', 'chourico', 'garlic cloves', 'boiling onions', 'spanish onion', 'cold water', 'yukon gold potatoes', 'medium carrot', 'corn starch']"
14,Portuguese-Beans-With-Linguica-2276018,"['salt', 'linguica', 'pinto beans', 'onions', 'green bell pepper', 'tomatoes', 'bacon', 'water', 'tomato sauce', 'cinnamon', 'cumin', 'pepper', 'garlic cloves']"
15,Portuguese-Feijoada-1093798,"['white beans', 'ham hock', 'sausages', 'pork shoulder', 'carrots', 'onions', 'garlic', 'hot sauce', 'ground coriander', 'bay leaves', 'crushed tomatoes', 'broth']"
16,Portuguese-Steak-_-Eggs-bife-com-ovo-a-cavalo-1037077,"['skirt steak', 'onions', 'garlic', 'bay leaves', 'parsley', 'olive oil', 'salt', 'butter', 'red wine', 'eggs']"
17,Espetadas-_Portuguese-Beef-Shish-Kabobs_-AllRecipes-202691,"['red wine', 'garlic', 'bay leaves', 'coarse salt', 'freshly ground pepper', 'sirloin steak', 'water']"
18,Portuguese---Ameijoas-a-Bulhao-Pato-_Clams-in-White-Wine-Sauce_-1174876,"['littleneck clams', 'garlic', 'white wine', 'bread crumbs', 'water', 'lemon slices', 'red pepper flakes', 'olive oil', 'fresh parsley', 'fresh cilantro']"
19,Portuguese-Cod-Croquettes-2268973,"['fresh cod', 'onions', 'garlic cloves', 'flour', 'milk', 'nutmeg', 'eggs', 'bread crumbs', 'salt', 'black pepper', 'olive oil', 'vegetable oil']"
20,Portuguese-Kale-Soup-_Sunday-Supper-980114,"['fresh chorizo', 'onions', 'garlic cloves', 'chicken broth', 'crushed tomatoes', 'water', 'potatoes', 'chickpeas', 'kale', 'salt and ground black pepper']"
21,Portuguese-Style-Salt-Cod-813288,"['cod fish', 'onions', 'boiling potatoes', 'olive oil', 'boiled eggs', 'garlic cloves', 'pitted olives']"
22,Portuguese-Pot-Roast-1021171,"['bottom round roast', 'onions', 'garlic', 'bay leaves', 'paprika', 'salt', 'pepper', 'olive oil', 'beer', 'water']"
23,Portuguese_style-Scallops-My-Recipes,"['sea scallops', 'salt', 'black pepper', 'olive oil', 'tawny port', 'fresh lemon juice', 'fresh parsley', 'garlic cloves', 'long-grain rice']"
24,PORTUGUESE-BEEF-AND-BEER-1528221,"['steak', 'clove', 'garlic', 'red pepper', 'mustard', 'lager', 'butter']"
25,Portuguese-Shrimp-Mozambique-with-Rice-2129989,"['large shrimp', 'garlic', 'unsalted butter', 'Modelo Beer', 'spices', 'white wine', 'fresh parsley', 'lemon wedges', 'hot pepper sauce', 'rice']"
26,Espetada-_Portuguese-Beef-Skewers_-1245893,"['beef sirloin', 'garlic cloves', 'bay leaves', 'ground black pepper', 'Madeira', 'olive oil', 'roma tomatoes', 'green pepper', 'salt']"
27,Portuguese-Inspired-Roasted-Chicken-Thighs-1374891,"['water', 'sugar', 'kosher salt', 'clove', 'star anise', 'bay leaves', 'cinnamon sticks', 'black peppercorns', 'fennel seeds', 'coriander seeds', 'extra-virgin olive oil', 'lager', 'pepper', 'sweet paprika', 'smoked paprika', 'yellow onion', 'garlic cloves', 'fresh bay leaves']"
28,Portuguese-Beef-_-Cacoila-Allrecipes,"['beef stew meat', 'orange', 'white wine', 'hot pepper sauce', 'vegetable oil', 'bay leaves', 'garlic', 'paprika', 'ground allspice', 'salt and ground black pepper']"
29,Crockpot-Portuguese-Chicken-2215011,"['chorizo sausage', 'onions', 'garlic', 'skinless chicken thighs', 'diced tomatoes', 'dried leaves oregano', 'pepper', 'tomato paste', 'artichoke hearts', 'sliced black olives']"
30,Alcatra-Portuguese-Pot-Roast-in-the-Slow-Cooker-1017953,"['bacon', 'onions', 'bay leaves', 'whole allspice', 'cinnamon', 'clove', 'peppercorns', 'garlic', 'tomato paste', 'salt', 'pepper', 'chuck roast', 'red wine', 'water']"
31,Portuguese-Clam-and-Sausage-Stew-459370,"['olive oil', 'chorizo', 'yellow onion', 'garlic cloves', 'chopped tomatoes', 'Asian fish sauce', 'garbanzo beans', 'clams', 'flat leaf parsley']"
32,BRAISED-VENISON-SHANKS_-PORTUGUESE-STYLE-1093121,"['shanks', 'black peppercorns', 'allspice berries', 'juniper berries', 'clove', 'cinnamon sticks', 'dried chile', 'bay leaves', 'slab bacon', 'olive oil', 'yellow onion', 'garlic cloves', 'red wine', 'beef stock', 'molasses']"
33,Portuguese-sauce-Pork-Tenderloin-2201446,"['seasoning', 'red wine', 'salt', 'pepper', 'pork tenderloin', 'water']"
34,Carne-de-porco-alentejana---pork-fillet-alentejo-style-_portugal_-315766,"['pork fillets', 'paprika', 'white wine', 'salt', 'garlic cloves', 'lard', 'coriander', 'clams']"
35,Portuguese-Francesinha-Sandwich-898068,"['beef stock cubes', 'milk', 'beer', 'bay leaves', 'margarine', 'port wine', 'corn starch', 'tomato paste', 'hot chili', 'bread', 'ham', 'sausages', 'steak', 'roast beef', 'cheese', 'french fries', 'fried eggs']"
36,Mariscada-Portuguese-Seafood-With-Rice-2194640,"['tomatoes', 'minced garlic', 'cilantro leaves', 'onions', 'oil', 'white wine', 'chopped bell pepper', 'clams', 'mussels', 'squid', 'lobster tails', 'shrimp', 'lemon', 'salt', 'pepper', 'paprika']"
37,PORTUGUESE-PEA-STEW-with-a-TWIST-2261852,"['coconut oil', 'coriander seeds', 'yellow onion', 'large garlic cloves', 'bay leaves', 'kale', 'cherry tomatoes', 'tomato paste', 'new potatoes', 'frozen peas', 'vegetable stock', 'cilantro', 'sea salt', 'black pepper']"
38,Portuguese-Beef-and-Onions-2185606,"['olive oil', 'beef steak', 'onions', 'garlic cloves', 'tomatoes', 'parsley', 'bay leaf', 'salt', 'black pepper', 'coriander', 'red pepper flakes', 'cayenne pepper']"
39,Portuguese-Pork-Stew-459527,"['boneless pork shoulder', 'freshly ground pepper', 'salt', 'paprika', 'cumin seed', 'olive oil', 'red onion', 'large garlic cloves', 'red wine', 'chicken broth', 'sweet potatoes', 'carrots']"
40,Portuguese-Steak-1007177,"['beef steak', 'sliced ham', 'olive oil', 'garlic', 'white wine', 'bay leaf', 'parsley', 'salt', 'pepper']"
41,Portuguese-Blade-Steak-2292152,"['blade steak', 'oil', 'sweet onion', 'diced tomatoes', 'dry red wine', 'chicken broth', 'bay leaf', 'spanish paprika', 'dried oregano', 'salt', 'pepper']"
42,Portuguese-Chicken-I-Allrecipes,"['butter', 'bone-in chicken breast halves', 'chicken stock', 'dry white wine', 'garlic', 'all-purpose flour', 'salt', 'pepper', 'heavy cream']"
43,Portuguese-Pork-and-Peppers-Stew-1031337,"['garlic', 'coarse salt', 'olive oil', 'black peppercorns', 'pork loin', 'green pepper', 'white wine', 'lemon']"
44,Pork-with-Portuguese-migas-_crumbs_-1304583,"['pork', 'olive oil', 'onions', 'pepper', 'garlic', 'bay leaf', 'pepper sauce', 'white wine', 'salt', 'coriander', 'bread', 'water']"
45,Portuguese-Crispy-Baked-Chicken-1841066,"['chicken', 'corn starch', 'baking powder', 'olive oil', 'butter', 'garlic', 'smoked paprika', 'crushed red pepper', 'cumin', 'lemon', 'salt', 'pepper']"
46,Portuguese-Pizza-1878623,"['pizza doughs', 'pizza sauce', 'shredded mozzarella cheese', 'cooked ham', 'onions', 'hard boiled eggs', 'black olives', 'oregano', 'olive oil']"
47,Portuguese-style-cod-349526,"['extra-virgin olive oil', 'baking potatoes', 'salt', 'center-cut cod fillets', 'onions', 'garlic', 'pepper', 'diced tomatoes', 'prosciutto', 'green beans', 'crusty bread']"
48,Cod-with-Portuguese-cornbread-1540045,"['steak', 'small potatoes', 'olive oil', 'coriander', 'onions', 'garlic', 'cornbread', 'salt', 'pepper']"
49,Cassoulet-Portuguese-1803167,"['portuguese chorizo', 'chicken legs', 'salt', 'pepper', 'smoked paprika', 'olive oil', 'onions', 'garlic cloves', 'red wine', 'diced tomatoes', 'chicken broth', 'white beans', 'fresh oregano leaves', 'fresh basil leaves', 'fresh bay leaves']"
50,Portuguese-Chicken-Skewers-With-Tomato-Salad-And-Flatbread-2285741,"['bay leaf', 'garlic cloves', 'sweet paprika', 'chillies', 'lemon', 'olive oil', 'chicken thigh fillets', 'flatbread', 'tomatoes', 'small tomatoes', 'spanish onion', 'extra-virgin olive oil', 'red wine vinegar']"
51,Plaice-fillets-in-the-oven-with-Portuguese-cornbread-1488204,"['plaice fillet', 'cornbread', 'parsley', 'coriander', 'olive oil', 'pepper', 'lemon', 'garlic', 'salt']"
52,Portuguese-Pizza-_Pizza-a-Portuguesa_-2100035,"['pizza doughs', 'pizza sauce', 'shredded mozzarella cheese', 'deli ham', 'onions', 'green olives', 'boiled eggs', 'oregano', 'extra-virgin olive oil']"
53,Homemade-Linguica-Portuguese-Mild-Sausage-998183,"['pork butt', 'minced garlic', 'salt', 'liquid smoke', 'sweet red wine', 'sweet paprika', 'ground white pepper', 'dried oregano', 'sugar', 'ground black pepper', 'crushed red pepper', 'cayenne pepper', 'vegetable oil']"
54,Portuguese-Baked-Creamy-Coconut-Chicken-1088135,"['chicken thigh fillets', 'red potato', 'carrots', 'onions', 'green bell pepper', 'chicken broth', 'coconut milk', 'grated parmesan cheese', 'garlic', 'ground turmeric', 'ground cumin', 'ground black pepper', 'oil', 'soy sauce', 'Shaoxing wine', 'corn starch', 'sugar', 'ginger juice', 'salt', 'ground white pepper']"
55,Portuguese-marinated-liver---iscas-com-elas-317520,"['calf liver', 'pork lard', 'garlic cloves', 'bay leaves', 'white wine', 'white wine vinegar', 'salt', 'pepper', 'potatoes']"
56,Portuguese-Beans-2243197,"['pink beans', 'linguisa', 'small onion', 'garlic', 'tomato sauce', 'brown sugar', 'cumin', 'allspice']"
57,Mom_s-Portuguese-Beef-Stew-Allrecipes,"['extra-virgin olive oil', 'beef stew meat', 'all-purpose flour', 'garlic', 'bay leaves', 'ground black pepper', 'salt', 'onions', 'green bell pepper', 'carrots', 'paprika', 'fresh tomatoes', 'white wine', 'water', 'fresh parsley', 'red potato', 'sweet potatoes', 'green beans']"
58,Portuguese-Pork-897720,"['pork stew meat', 'garlic cloves', 'bay leaves', 'salt', 'garlic paste', 'olive oil', 'white wine', 'potatoes', 'pickles', 'black olives', 'chopped parsley']"
59,Cod-in-the-oven-with-egg-and-Portuguese-cornbread-1477889,"['steak', 'potatoes', 'eggs', 'olive oil', 'pepper', 'onions', 'cornbread', 'parsley', 'salt']"
60,Portuguese-Seafood-Cakes-1810200,"['potatoes', 'whitefish', 'prawns', 'lime juice', 'fresh coriander', 'green chilies', 'cumin seed', 'garlic', 'clove', 'white bread', 'sunflower oil', 'chutney', 'salt', 'plain flour', 'eggs', 'semolina']"
61,Maria_s-Portuguese-Bacalau-Allrecipes,"['cod fish', 'yukon gold potatoes', 'butter', 'yellow onion', 'garlic', 'fresh parsley', 'olive oil', 'red pepper flakes', 'freshly ground pepper', 'eggs', 'green olives', 'pitted black olives']"
62,Pork-with-Portuguese-migas-_crumbs_-574638,"['pork cubes', 'olive oil', 'onions', 'pepper', 'garlic', 'bay leaf', 'pepper sauce', 'white wine', 'salt', 'coriander', 'hard bread', 'water']"
63,Chops-in-the-oven-with-Portuguese-cornbread-1477926,"['pork chops', 'small potatoes', 'cornbread', 'onions', 'garlic', 'coriander', 'pepper', 'olive oil', 'salt']"
64,Pork-Medallions-Portuguese-1049395,"['pork tenderloin', 'salt', 'ground black pepper', 'butter', 'flour', 'beef stock', 'chicken stock', 'dry white wine', 'white wine vinegar', 'minced garlic', 'shallots', 'bay leaves', 'extra-virgin olive oil', 'prosciutto']"
65,Portuguese-Chicken-Wraps-With-Rainbow-Slaw-2158307,"['whole chicken', 'extra-virgin olive oil', 'red chili peppers', 'garlic cloves', 'smoked paprika', 'maple syrup', 'corncobs', 'red cabbage', 'radishes', 'avocado', 'carrots', 'lemon', 'yogurt', 'corn tortillas', 'cilantro leaves']"
66,Portuguese-Style-Beef-Lettuce-Wraps-1597046,"['lemon', 'lean ground beef', 'garlic cloves', 'paprika', 'black pepper', 'olive oil', 'piri-piri sauce', 'shredded carrots', 'radishes', 'lettuce leaves']"
67,Portuguese-Inspired-Codfish-Stew-1612601,"['codfish', 'potatoes', 'onions', 'garlic', 'tomato sauce', 'tomato spread', 'water', 'olive oil', 'hot sauce', 'coriander', 'smoked paprika', 'salt']"
68,Portuguese-Style-Jambalaya-_SundaySupper-1495958,"['olive oil', 'pork', 'onions', 'green pepper', 'tomato sauce', 'water', 'bay leaves', 'jambalaya mix', 'chorizo', 'cooked shrimp', 'mussels', 'clams', 'roasted red peppers', 'parsley']"
69,Portuguese-Beef-Stew-442242,"['allspice berries', 'cumin seed', 'whole cloves', 'chuck', 'garlic', 'bay leaves', 'yellow onion', 'tomato sauce', 'tomato purée', 'red wine', 'ketchup', 'ground cinnamon', 'salt', 'Italian bread', 'mint']"
70,Portuguese-Pork-With-Red-Peppers-Allrecipes,"['garlic', 'coarse salt', 'olive oil', 'black peppercorns', 'pork tenderloin', 'red bell pepper', 'white wine', 'lemon']"
71,Portuguese-Alheira-Garlic-Sausages-and-Spring-Cabbage-Pie-898106,"['cabbage', 'rice', 'onions', 'garlic cloves', 'vegetable broth', 'eggs', 'olive oil', 'salt']"
72,Portuguese-Tuna-Tart-2356481,"['eggs', 'all-purpose flour', 'milk', 'vegetable oil', 'baking powder', 'salt', 'Edam', 'canned tuna', 'red bell pepper', 'onions', 'garlic cloves', 'olive oil']"
73,Portuguese-Kale-and-Potato-Soup-1784599,"['olive oil', 'kielbasa', 'onions', 'garlic cloves', 'baking potatoes', 'water', 'paprika', 'kale', 'salt', 'pepper', 'hot sauce']"
74,Portuguese-Flatbread-Pizza---Pizza-Portuguesa-_SundaySupper-1324340,"['onions', 'olive oil', 'flatbread', 'shredded mozzarella cheese', 'chorizo', 'hard boiled eggs', 'black olives', 'dried oregano']"
75,Portuguese-Sausage-And-Beans-1832780,"['red beans', 'potatoes', 'large carrots', 'sausages', 'white onion', 'spinach', 'garlic', 'bay leaf', 'water', 'olive oil', 'salt', 'pepper']"
76,Ed_s-Portuguese-Fish-Stew-1534302,"['Anaheim chile', 'extra-virgin olive oil', 'sausages', 'onions', 'garlic cloves', 'thyme sprigs', 'bay leaves', 'crushed red pepper', 'kosher salt', 'freshly ground pepper', 'dry white wine', 'broth', 'new potatoes', 'medium tomatoes', 'littleneck clams', 'skinless cod fillets', 'mussels', 'chopped cilantro', 'parsley', 'crusty bread']"
77,Seafood-Pasta-_portuguese-Style_-1477561,"['peeled shrimp', 'clams', 'onions', 'garlic', 'salt', 'coriander', 'tomatoes', 'pepper', 'penne pasta', 'white wine', 'green pepper', 'olive oil']"
78,Portuguese-Bread-Soup-with-Shrimp-514543,"['bread', 'onions', 'olive oil', 'tomatoes', 'garlic', 'black peppercorns', 'coriander seeds', 'dried oregano', 'jumbo shrimp', 'chorizo', 'anchovy paste', 'butter', 'chopped fresh cilantro']"
79,Portuguese-Stove-Top-Pork-Roast-_SundaySupper-1299166,"['roast', 'olive oil', 'garlic cloves', 'paprika', 'ground pepper', 'sea salt', 'onions', 'russet potatoes', 'carrots', 'beef broth', 'tomato paste', 'dry white wine', 'scallions', 'bay leaves']"
80,Portuguese-Salt-Cod-and-Potato-Casserole-1190886,"['dried salted codfish', 'olive oil', 'yellow onion', 'garlic', 'nutmeg', 'white pepper', 'waxy potatoes', 'hard boiled eggs', 'olives', 'chopped parsley']"
81,Portuguese-Style-Mussels-in-Garlic-Cream-Sauce-2253480,"['mussels', 'butter', 'extra-virgin olive oil', 'shallots', 'garlic', 'hot pepper', 'plum tomatoes', 'lemon', 'fresh thyme', 'fresh parsley', 'white wine', 'bottled clam juice', 'heavy cream', 'french bread', 'garlic cloves', 'rub', 'toast']"
82,Rustic-Portuguese-Chicken-Stew-_SundaySupper__span_-1446907,"['olive oil', 'chicken thighs', 'chorizo', 'onions', 'garlic', 'baby carrots', 'fingerling potatoes', 'yukon gold potatoes', 'tomato sauce', 'chicken broth', 'bay leaves', 'paprika', 'rosemary', 'salt', 'pepper']"
83,Instant-Pot-Portuguese-Turkey-Rice-2049448,"['turkey breast', 'long-grain rice', 'turkey stock', 'medium carrot', 'frozen peas', 'hard boiled eggs', 'olive oil', 'garlic puree', 'parsley', 'oregano', 'salt', 'pepper']"
84,Portuguese-Pork-and-Clam-Stew-2159938,"['pork shoulder', 'clams', 'olive oil', 'onions', 'bay leaves', 'thyme', 'dry white wine', 'pepper flakes', 'salt', 'freshly ground pepper', 'garlic cloves', 'plum tomatoes', 'chopped coriander']"
85,Portuguese-Chourico_-Beans_-and-Rice-AllRecipes-40356,"['water', 'white rice', 'olive oil', 'sausages', 'spanish onion', 'garlic', 'tomato sauce', 'red pepper flakes', 'italian seasoning', 'pepper', 'salt', 'fava beans']"
86,Ling-fish-in-the-oven-with-Portuguese-cornbread-2163993,"['fish steaks', 'olive oil', 'tomatoes', 'onions', 'lemon', 'lemon slices', 'pepper', 'cornbread', 'coriander', 'garlic', 'salt']"
87,Portuguese-Chicken-Curry-with-Chorizo-and-Olives-1902916,"['coconut flakes', 'boneless skinless chicken thighs', 'kosher salt', 'freshly ground black pepper', 'corn starch', 'extra-virgin olive oil', 'spanish onion', 'fresh ginger', 'Madras curry powder', 'cayenne pepper', 'coconut milk', 'yukon gold potatoes', 'cherry tomatoes', 'spanish chorizo', 'oil', 'flat leaf parsley', 'lemon', 'steamed white rice']"
88,Portuguese-Bean-Soup-with-Ham-Hocks-and-Linguica-2199799,"['smoked ham hocks', 'water', 'bay leaves', 'cilantro', 'celery', 'peppercorns', 'garlic powder', 'dried thyme', 'onions', 'diced tomatoes', 'tomato sauce', 'tomato paste', 'beef bouillon', 'carrots', 'red potato', 'linguica', 'kidney beans', 'white beans', 'cabbage', 'salt', 'macaroni']"
89,Cod-topped-with-Portuguese-Broa-Bread-561508,"['cod', 'bread', 'onions', 'ground black pepper', 'bay leaves', 'garlic', 'paprika', 'dry white wine', 'pork lard', 'olive oil']"
90,Portuguese-Style-Beef-Lettuce-Wraps-_SundaySupper-1477299,"['lemon', 'lean ground beef', 'garlic cloves', 'sweet paprika', 'bay leaf', 'olive oil', 'hot sauce', 'grape tomatoes', 'shredded carrots', 'radishes', 'butter lettuce']"
91,Hake-with-Portuguese-cornbread-1477515,"['steak', 'cornbread', 'onions', 'garlic', 'parsley', 'pepper', 'small potatoes', 'carrots', 'broccoli', 'olive oil', 'salt']"
92,Portuguese-Style-Mussels-in-Garlic-Cream-Sauce-1621076,"['mussels', 'butter', 'extra-virgin olive oil', 'shallots', 'garlic', 'hot pepper', 'plum tomatoes', 'lemon', 'fresh thyme', 'fresh parsley', 'white wine', 'bottled clam juice', 'heavy cream', 'french bread', 'bread', 'garlic cloves', 'rub']"
93,Portuguese-Cod-Fish-Casserole-1605771,"['cod fish', 'large potatoes', 'onions', 'olive oil', 'garlic', 'fresh parsley', 'crushed red pepper flakes', 'paprika', 'tomato sauce']"
94,Portuguese-Pork-And-Clams-Allrecipes,"['white wine', 'garlic', 'dried oregano', 'salt', 'ground black pepper', 'bay leaves', 'ground cumin', 'boneless pork loin roast', 'olive oil', 'onions', 'diced potatoes', 'cannellini beans', 'ground cayenne pepper', 'clams', 'fresh parsley']"
95,Portuguese-Fresh-Tuna-_sauce-And-Marinade_-Allrecipes,"['cider vinegar', 'salt', 'pepper', 'garlic powder', 'paprika', 'tuna steaks', 'butter', 'olive oil', 'ketchup', 'water']"
96,Wine-and-Garlic-Pork-_Portuguese-Vina-Dosh_-2163451,"['red wine vinegar', 'red wine', 'garlic', 'bay leaves', 'clove', 'ground black pepper', 'salt', 'dried thyme', 'boneless pork shoulder', 'vegetable oil']"
97,Portuguese-Inspired-Individual-Turkey-Meatloaf_s_-and-Sauce-2064810,"['sweet onion', 'garlic cloves', 'extra large eggs', 'base', 'black pepper', 'thyme', 'sweet paprika', 'smoked paprika', 'cinnamon', 'piri-piri sauce', 'lager', 'panko breadcrumbs', 'ground turkey', 'parsley', 'non stick spray', 'extra-virgin olive oil', 'tomatoes', 'red bell pepper', 'celery ribs', 'sea salt', 'crushed red pepper', 'bay leaves', 'black olives']"
98,Portuguese-seviche-cucumber-cups-328633,"['cod filets', 'olive oil', 'bell pepper', 'hot pepper', 'fresh lime juice', 'garlic cloves', 'salt', 'aleppo pepper', 'pepper', 'extra-virgin olive oil', 'cilantro leaves', 'persian cucumber']"
99,Caul-do-Verde-_Portuguese-Caldo-Verde-with-Cauliflower_-680015,"['cauliflower florets', 'ground cumin', 'smoked paprika', 'pepper', 'salt', 'olive oil', 'spanish onion', 'large garlic cloves', 'red pepper flakes', 'chicken stock', 'turkey kielbasa', 'mustard greens', 'parsley', 'cilantro', 'lemon']"
100,Acorda-de-marisco---portuguese-shellfish-bread-stew-331953,"['shrimp', 'mussels', 'frozen seafood', 'onions', 'garlic', 'fresh cilantro', 'bread', 'eggs', 'roma tomatoes', 'dry white wine', 'water', 'olive oil', 'salt', 'pepper']"
101,Smoky-Portuguese-Style-Mussels-540620,"['canola oil', 'turkey kielbasa', 'chopped onion', 'garlic cloves', 'smoked paprika', 'red potato', 'unsalted chicken stock', 'white wine', 'mussels', 'fresh lemon juice', 'ground black pepper', 'kosher salt', 'lemon wedges']"
102,Portuguese-Baked-Eggs-With-Chorizo-and-Ricotta-519208,"['olive oil', 'spanish chorizo', 'red bell pepper', 'serrano peppers', 'onions', 'garlic', 'chili powder', 'smoked paprika', 'fresh thyme', 'bay leaves', 'diced tomatoes', 'fresh basil leaves', 'kosher salt', 'freshly ground black pepper', 'ricotta cheese', 'large eggs', 'sharp white cheddar cheese', 'grated parmesan cheese', 'crusty bread']"
103,Portuguese-fisherman_s-stew-355752,"['olive oil', 'chopped onion', 'minced garlic', 'fennel bulb', 'green pepper', 'fennel seeds', 'chinese chili paste', 'dried oregano', 'dried basil', 'plum tomatoes', 'tomato paste', 'clam juice', 'red wine', 'kosher salt', 'ground black pepper', 'juice', 'seafood']"
104,Portuguese-Piri-Piri-Chicken-Recipezaar,"['lemon rind', 'lemon juice', 'garlic', 'olive oil', 'pepper flakes', 'salt', 'chicken pieces']"
105,Portuguese-Style-Steak-Recipezaar,"['beef', 'onions', 'white wine', 'crushed red pepper flakes', 'garlic cloves', 'paprika', 'salt']"
106,Portuguese-Chicken-Madeira-Recipezaar,"['whole roasting chicken', 'garlic cloves', 'black peppercorns', 'Madeira', 'olive oil', 'salt']"
107,Portuguese-Chourico-And-Peppers-Recipezaar,"['chourico', 'green bell pepper', 'sweet onion', 'tomato paste', 'red wine', 'water', 'crushed garlic']"
108,Cod-Fish-Casserole-_portuguese-Style_-Recipezaar,"['cod', 'olive oil', 'onions', 'tomatoes', 'collard greens', 'potatoes']"
109,Portuguese-Beans-Food_com-160827,"['bacon', 'sausages', 'ham hock', 'white beans', 'onions', 'minced garlic', 'diced tomatoes', 'cumin', 'salt']"
110,Portuguese-Filet-Of-Sole-Recipezaar,"['sole fillet', 'lemon juice', 'butter', 'dry sherry', 'soy sauce', 'parsley', 'egg yolks']"
111,Portuguese-Barbecued-Chicken-Recipezaar,"['chicken pieces', 'dry white wine', 'lemon rind', 'lemon juice', 'tomato paste', 'olive oil', 'paprika', 'hot pepper sauce', 'salt', 'garlic']"
112,Mussels-Portuguese-Style-Recipezaar,"['mussels', 'olive oil', 'garlic cloves', 'chicken broth', 'red wine', 'fresh parsley']"
113,Carne-D_espeto-_Portuguese-Beef-Skewers_-Food_com-175511,"['sirloin', 'garlic cloves', 'cayenne pepper', 'ground black pepper', 'salt']"
114,Assaduras-De-Peixe-_Portuguese-Fish-Kabobs_-Food_com-103113,"['garlic cloves', 'crushed red pepper flakes', 'paprika', 'salt', 'wine vinegar', 'water', 'bay leaves', 'haddock fillets']"
115,Portuguese-Style-Crabs_-Food_com-102170,"['crab', 'fish bouillon cube', 'crushed red pepper flakes', 'olive oil', 'onions', 'parsley', 'garlic powder', 'Budweiser Beer']"
116,Portuguese-Chicken-Recipezaar_1,"['chicken', 'tomatoes', 'onions', 'red pepper', 'green pepper', 'yellow peppers', 'black olives', 'garlic cloves', 'fresh parsley', 'salt', 'pepper', 'lemon', 'water']"
117,Portuguese_style-Pork-Chops-_or-Chicken_-Recipezaar,"['red pepper', 'boneless pork chops', 'dry white wine', 'olive oil', 'ground pepper', 'salt', 'fresh parsley']"
118,Portuguese-Hidden-Cod-_bacalhau-Escondido_-Recipezaar,"['cod', 'onions', 'heavy cream', 'frozen potatoes', 'cheese', 'tomato ketchup', 'bread crumbs']"
119,Caldeirada-_portuguese-Fish-Stew_-Recipezaar,"['onions', 'tomatoes', 'bell pepper', 'fresh parsley', 'laurel leaves', 'fish', 'potatoes', 'saffron threads', 'salt', 'white wine', 'water', 'olive oil']"
120,Lydia_s-Portuguese-Beef-Stew-Recipezaar,"['butter', 'beef roast', 'beef steak', 'diced onions', 'potatoes', 'carrots', 'cabbage', 'salt', 'garlic salt']"
121,Torresmos_portuguese-Garlic-Roasted-Pork-Recipezaar,"['jalapeno chilies', 'salt', 'paprika', 'white wine', 'red wine', 'garlic cloves', 'pork butt', 'oil', 'pepper']"
122,Portuguese-Pork-Loin-Recipezaar,"['pork tenderloin', 'ground black pepper', 'salt', 'paprika', 'butter', 'onions', 'mushrooms', 'dry white wine', 'dried rosemary', 'fresh lemon juice', 'fresh parsley']"
123,Portuguese-Chicken-With-Peas-Recipezaar,"['olive oil', 'butter', 'onions', 'whole roasting chicken', 'chicken stock', 'dry red wine', 'salt', 'pepper', 'frozen peas']"
124,Portuguese-Style-Chicken-Thighs-Recipezaar,"['cracked black pepper', 'dried oregano', 'red chili peppers', 'paprika', 'garlic cloves', 'red wine vinegar', 'olive oil', 'chicken thighs']"
125,Portuguese-Style-Roast-Chicken-Food_com-114328,"['whole chicken', 'lemon', 'olive oil', 'garlic cloves', 'dried oregano', 'sweet paprika', 'cayenne pepper', 'salt']"
126,Portuguese-Chicken-With-Peas-_frango-Com-Ervilhas_-Recipezaar,"['chicken pieces', 'ground black pepper', 'salt', 'olive oil', 'butter', 'onions', 'chicken stock', 'port wine', 'fresh oregano', 'green peas']"
127,Portuguese-Chicken-Baked-With-Potatoes-And-Garlic-Recipezaar,"['chicken', 'potatoes', 'onions', 'fresh rosemary', 'olive oil', 'garlic cloves', 'pepper', 'salt']"
128,Portuguese-Style-Beef-Tenderloin-Recipezaar,"['red wine', 'beef stock', 'garlic cloves', 'chili paste', 'white pepper', 'salt', 'beef tenderloin steaks', 'vegetable oil']"
129,Portuguese-Pork-Chops-Recipezaar,"['pork chops', 'flour', 'olive oil', 'tomatoes', 'onions', 'fresh mushrooms', 'garlic cloves', 'sherry wine', 'salt', 'pepper', 'bell pepper']"
130,Cacoila-_portuguese-Stewed-Beef_-Recipezaar,"['stewing beef', 'crushed red pepper flakes', 'onions', 'dried parsley', 'garlic', 'bay leaves', 'butter', 'table wine', 'tomato sauce']"
131,Portuguese-Clam-Rice-Recipezaar,"['olive oil', 'onions', 'garlic cloves', 'pimentos', 'fresh parsley', 'clams', 'short-grain rice', 'canned tomatoes']"
132,Portuguese-Garlic-Steak-Sandwiches-_prego-No-Pao_-Recipezaar,"['sandwich steak', 'butter', 'garlic', 'onions', 'red wine', 'coarse sea salt', 'black pepper', 'sandwich buns']"
133,Portuguese-Chicken-Piri_piri-Recipezaar,"['olive oil', 'chicken breast halves', 'ground black pepper', 'salt', 'onions', 'carrots', 'parsnips', 'red bell pepper', 'green bell pepper', 'chicken', 'tomatoes', 'tomato paste', 'cinnamon sticks', 'bay leaves', 'fresh thyme', 'piri-piri sauce', 'long-grain rice', 'lime']"
134,Portuguese-Ham-Hock-And-Cabbage-Stew-Recipezaar,"['vegetable oil', 'onions', 'chickpeas', 'garlic cloves', 'savoy cabbage', 'smoked ham hocks', 'salt', 'chicken stock', 'cooked white rice', 'black pepper']"
135,Cod-Portuguese-Recipezaar,"['olive oil', 'onions', 'garlic cloves', 'green pepper', 'chopped tomatoes', 'paprika', 'orange', 'fish fillets', 'salt', 'pepper', 'fresh parsley']"
136,Avocados-With-Tuna-_abacate-Com-Atum_-_-Portuguese-Guinea_bissau-Recipezaar,"['avocado', 'tuna', 'grated coconut', 'evaporated milk', 'tomato sauce', 'salt', 'pepper', 'lemon']"
137,Sardinhas-A-Setubal-_-Portuguese-Baked-Sardines-Recipezaar,"['sardines', 'salt', 'pepper', 'olive oil', 'tomatoes', 'garlic cloves', 'onions', 'fresh parsley', 'fresh dill', 'dry white wine']"
138,Portuguese-Style-Scallops-Recipezaar,"['instant rice', 'sea scallops', 'olive oil', 'tawny port', 'lemon juice', 'fresh parsley', 'garlic cloves']"
139,Jagacida-_portuguese-Jag_-Recipezaar,"['water', 'long grain white rice', 'bay leaves', 'sausages', 'tomato paste', 'lima beans', 'onions', 'garlic', 'white pepper', 'olive oil']"
140,Portuguese-Spicy-Shrimp-Food_com-112363,"['shrimp', 'onions', 'garlic cloves', 'parsley', 'paprika', 'salt', 'chicken stock cubes', 'hot pepper sauce', 'tomato paste', 'beer', 'oil']"
141,Portuguese-Salt-Cod-Fritters-966872,"['dried salted codfish', 'russet potatoes', 'onions', 'chopped parsley', 'large eggs', 'vegetable oil']"
142,Chicken-Portuguese-Style-_galinha-De-Vinha-D_ahlos_-Recipezaar,"['chicken thighs', 'white vinegar', 'salt', 'hot pepper', 'garlic cloves', 'vegetable oil', 'water', 'bay leaf', 'peppercorns']"
143,Portuguese-Marinated-Beef-_Caciola_-Food_com-88033,"['stewing beef', 'red pepper flakes', 'onions', 'garlic cloves', 'bay leaves', 'olive oil', 'dry red wine', 'paprika', 'allspice', 'ground black pepper', 'salt']"
144,Portuguese-Torpedo-Meat-Recipezaar,"['lean ground beef', 'hamburger', 'chorizo sausage', 'green pepper', 'onions', 'tomato sauce', 'diced tomatoes', 'paprika', 'allspice', 'pepper', 'salt']"
145,Portuguese-Filet-Mignon-With-Mushroom-Sauce-Recipezaar,"['lemon', 'filet mignon steaks', 'coarse salt', 'chili peppers', 'garlic cloves', 'butter', 'milk', 'dry red wine', 'worcestershire sauce', 'mushrooms', 'bread']"
146,Portuguese_african-Chicken-In-Coconut-Sauce-Recipezaar,"['chicken pieces', 'salt', 'pepper', 'vegetable oil', 'onions', 'garlic cloves', 'red pepper', 'tomato paste', 'paprika', 'ground ginger', 'coconut milk', 'peanut butter', 'fresh coriander']"
147,Sardinhas-Assadas-_-Portuguese-Grilled-Sardines-Recipezaar,"['sardines', 'sea salt', 'olive oil']"
148,Portuguese-Barbequed-Chicken-Food_com-68647,"['chicken', 'garlic cloves', 'olive oil', 'paprika', 'piri-piri sauce', 'lemon juice', 'salt', 'pepper', 'water']"
149,Malaysian-Portuguese_eurasian-Yellow-Curry_-Too-Easy-Recipezaar,"['cumin', 'fennel', 'ground turmeric', 'onions', 'chicken', 'long beans', 'eggplant', 'cabbage']"
150,Linguado-Com-Salsa-Verde_-Portuguese-Fish-In-Parsley-Sauce-Recipezaar,"['garlic cloves', 'fresh parsley', 'potatoes', 'white wine vinegar', 'olive oil', 'salt', 'pepper', 'flounder fillets', 'dry white wine', 'fish stock', 'water']"
151,Spicy-Portuguese-Bowl-Recipezaar,"['collard greens', 'chorizo sausage', 'onions', 'garlic cloves', 'fat-free chicken broth', 'navy beans', 'black pepper', 'fettucine']"
152,Portuguese_style-Baked-Fish-Recipezaar,"['fish fillets', 'olive oil', 'onions', 'leeks', 'garlic cloves', 'plum tomatoes', 'tomato paste', 'white wine', 'cumin', 'oregano', 'rosemary', 'pepper', 'salt', 'green pepper', 'lemon', 'fresh parsley']"
153,Portuguese-Fish-Stew-Recipezaar,"['extra-virgin olive oil', 'onions', 'garlic cloves', 'sausages', 'thyme sprigs', 'fresh oregano', 'bay leaves', 'yukon gold potatoes', 'chicken broth', 'kale', 'sea salt', 'ground black pepper', 'littleneck clams', 'perch', 'flat leaf parsley']"
154,Portuguese-Style-Pork-Cutlets-Recipezaar,"['boneless pork chops', 'white wine', 'olive oil', 'garlic cloves', 'paprika', 'salt', 'water', 'red wine vinegar', 'oil']"
155,Portuguese-Chicken-Food_com-102219,"['flour', 'paprika', 'chicken', 'olive oil', 'tomatoes', 'juice', 'prosciutto', 'onions', 'roasted red peppers', 'garlic cloves', 'parsley', 'bay leaves', 'port wine', 'dry white wine', 'dijon mustard', 'tomato paste', 'butter']"
156,Portuguese-Style-Beans-Recipezaar,"['dried kidney beans', 'peanut oil', 'onions', 'garlic cloves', 'ground beef', 'tomato sauce', 'ground cloves', 'chili powder', 'ground black pepper', 'salt', 'fresh parsley', 'red pepper']"
157,New-England-Portuguese-Clam-Boil-Recipezaar,"['clams', 'mussels', 'potatoes', 'onions', 'chorizo sausage', 'beer', 'water', 'pepper', 'salt', 'red pepper flakes', 'melted butter', 'lemon']"
158,Portuguese-Steak-Recipezaar_1,"['steak', 'garlic cloves', 'salt', 'pepper', 'chopped parsley', 'bay leaf', 'red wine', 'butter', 'olive oil', 'heavy cream', 'eggs', 'roasted red peppers']"
159,Linguica-Portuguese-Sausage-Recipezaar,"['pork butt', 'paprika', 'minced garlic', 'salt', 'liquid smoke', 'red wine', 'sugar', 'ground white pepper', 'dried oregano', 'ground black pepper', 'cayenne pepper']"
160,Portuguese-Clam-And-Sausage-Roast-Recipezaar,"['hot sausage', 'littleneck clams', 'cornmeal', 'olive oil', 'yellow onion', 'garlic cloves', 'dry white wine', 'flat leaf parsley']"
161,Portuguese-Bean-Soup-Recipezaar,"['shanks', 'sausages', 'water', 'tomato sauce', 'onions', 'potatoes', 'carrots', 'salt', 'pepper', 'paprika', 'kidney beans', 'cabbage', 'macaroni']"
162,Portuguese-Lasagna-Recipezaar,"['water', 'vegetable oil', 'salt', 'white cornmeal', 'chopped cilantro', 'ground beef', 'onions', 'marinara sauce', 'shredded mozzarella cheese', 'sliced mushrooms']"
163,Portuguese-Spicy-Shrimp-Recipezaar,"['vegetable oil', 'minced garlic', 'red onion', 'yellow onion', 'red chili peppers', 'tomatoes', 'large shrimp', 'tomato juice', 'scallions', 'chopped parsley', 'chopped cilantro']"
164,Portuguese-Shrimp-And-Scallops-Recipezaar,"['butter', 'olive oil', 'garlic cloves', 'sliced mushrooms', 'tomato paste', 'white wine', 'fresh lemon juice', 'deveined shrimp', 'green onions', 'scallops', 'pepper', 'salt', 'chopped parsley']"
165,Camarao-Mozambique-_portuguese_style-Shrimp_-Recipezaar,"['butter', 'onions', 'water', 'garlic', 'flat leaf parsley', 'turmeric', 'saffron', 'warm water', 'red wine', 'fresh lemon juice', 'coarse sea salt', 'black pepper', 'crushed red pepper flakes', 'shrimp']"
166,Portuguese-Beef-And-Onions-Recipezaar,"['olive oil', 'beef steak', 'onions', 'garlic cloves', 'tomatoes', 'parsley', 'bay leaf', 'salt', 'ground black pepper', 'cilantro']"
167,Poached-Chicken-Portuguese-Recipezaar,"['olive oil', 'scallions', 'garlic cloves', 'hot pepper sauce', 'tomatoes', 'red wine vinegar', 'bay leaf', 'ground cloves', 'worcestershire sauce', 'saffron', 'pepper', 'boneless skinless chicken breast halves']"
168,Baked-Cod-Portuguese-Recipezaar_1,"['olive oil', 'onions', 'garlic cloves', 'green pepper', 'tomatoes', 'paprika', 'steak', 'fresh parsley', 'garlic powder', 'pepper', 'salt']"
169,Portuguese-Baked-Cod-Fish-With-Potatoes-Food_com-288741,"['cod', 'pepper', 'salt', 'garlic powder', 'potatoes', 'paprika', 'garlic cloves', 'ground cumin', 'black pepper', 'hot sauce', 'ketchup', 'onions', 'white wine', 'olive oil']"
170,Portuguese-Chicken-With-Tomato-Wine-Sauce-Recipezaar,"['butter', 'chicken', 'onions', 'flour', 'garlic cloves', 'white wine', 'chicken broth', 'tomatoes', 'pepper', 'salt', 'parsley']"
171,Slow-Cooked-Portuguese-Lamb-Recipezaar,"['leg of lamb', 'red wine', 'tomato juice', 'canned tomatoes', 'spring onions', 'onions', 'garlic cloves', 'fresh rosemary', 'chopped fresh thyme', 'pepper', 'salt', 'chickpeas', 'butter beans']"
172,Portuguese-Garlic-Nailed-Steak-_prego-No-Pao_-Recipezaar,"['fat', 'sirloin steak', 'butter', 'garlic cloves', 'onions', 'white wine', 'coarse salt', 'ground black pepper', 'sandwich buns']"
173,Carne-Assada-A-Portuguesa-_portuguese-Pot-Roast_-Recipezaar,"['rump roast', 'red wine', 'onions', 'garlic cloves', 'salt', 'black pepper', 'oil', 'water', 'tomatoes']"
174,Fish-Cakes_-Portuguese-Style-Food_com-167342,"['fish fillets', 'potatoes', 'eggs', 'onions', 'garlic cloves', 'hot sauce', 'ground pepper', 'fresh parsley', 'salt', 'oil']"
175,Bifana-_portuguese-Pork-Cutlets_-Recipezaar,"['pork cutlets', 'dry white wine', 'white wine vinegar', 'garlic', 'bay leaf', 'pimentos', 'spanish paprika', 'black peppercorns', 'whole cloves', 'piri-piri sauce', 'lard']"
176,Portuguese-Kale-Soup-_with-Veggie-Version_-Recipezaar,"['potatoes', 'white onion', 'dry sherry', 'white wine', 'kale leaves', 'apples', 'garlic cloves', 'soy chorizo', 'chourico', 'tomatoes with juice', 'Great Northern Beans', 'lemon', 'bay leaves', 'kosher salt', 'black pepper', 'hot sauce', 'turmeric', 'thyme']"
177,Famous-Recipe-Portuguese-Chicken-Recipezaar,"['chili powder', 'flour', 'cooking oil', 'water', 'chicken broth', 'green bell pepper', 'green onions', 'diced tomatoes', 'chicken breast halves', 'shredded mozzarella cheese']"
178,Portuguese-Baked-Fish-Recipezaar,"['haddock fillets', 'cod', 'salt', 'pepper', 'butter', 'sweet onion', 'celery ribs', 'diced tomatoes', 'vegetable juice', 'lemon juice', 'sugar', 'garlic cloves', 'bay leaf']"
179,Portuguese-Chicken-in-Piri-Piri-Sauce-Food_com-65800,"['whole roasting chicken', 'garlic cloves', 'salt', 'lemon', 'bay leaf', 'paprika', 'butter', 'piri piri pepper', 'olive oil']"
180,Portuguese-Chicken-Recipezaar,"['potatoes', 'carrots', 'celery ribs', 'onions', 'dry white wine', 'sugar', 'salt', 'extra-virgin olive oil', 'chicken broth', 'chorizo sausage', 'boneless skinless chicken breasts', 'tomato sauce', 'flat leaf parsley', 'bread']"
181,Portuguese-Style-Trout-Food_com-102032,"['trout', 'olive oil', 'onions', 'red pepper', 'green pepper', 'yellow peppers', 'pitted black olives', 'minced garlic', 'anchovy fillets', 'finely chopped fresh parsley', 'basil leaves', 'chopped fresh thyme', 'fresh oregano leaves', 'capers', 'white wine', 'butter', 'black pepper', 'salt', 'smoked paprika', 'fresh parsley', 'paprika', 'garlic powder', 'onion powder', 'cayenne pepper', 'dried oregano', 'dried thyme']"
182,Portuguese-Madeira-Beef-Shanks-Recipezaar,"['garlic cloves', 'onions', 'green pepper', 'jalapeno chilies', 'celery', 'parsley', 'beef shank', 'fresh rosemary', 'salt', 'beef broth', 'Madeira', 'steamed rice', 'horseradish sauce']"
183,Shrimp-and-Scallops-Gumbo-_Portuguese-Style_-Food_com-102762,"['butter', 'olive oil', 'garlic cloves', 'sliced mushrooms', 'tomato sauce', 'shrimp', 'green onions', 'scallops', 'salt']"
184,Portuguese_style-Mussels-Over-Linguine-Recipezaar,"['sausages', 'olive oil', 'garlic cloves', 'plum tomatoes', 'fresh parsley leaves', 'fresh basil', 'water', 'mussels', 'linguine']"
185,Steamed-Clams_-Portuguese-Style-Recipezaar,"['olive oil', 'garlic', 'red pepper flakes', 'sausages', 'onions', 'diced tomatoes', 'dry white wine', 'water', 'clams', 'lemon wedges', 'fresh parsley', 'cilantro']"
186,Portuguese-Piri-Piri-Chicken-Livers-Recipezaar,"['chicken livers', 'olive oil', 'paprika', 'ground cloves', 'ground cumin', 'ground black pepper', 'bay leaf', 'table salt', 'pepper', 'onions', 'garlic cloves', 'white wine']"
187,Portuguese-Chicken-Casserole-Recipezaar,"['chicken', 'tomatoes', 'ham', 'boiling onions', 'dijon mustard', 'large garlic cloves', 'dry white wine', 'tawny port', 'salt', 'pepper', 'butter', 'brandy']"
188,Portuguese-Style-Chicken-Recipezaar,"['boneless chicken breast', 'flour', 'salt', 'pepper', 'olive oil', 'onions', 'mushrooms', 'white wine', 'garlic cloves', 'corn starch', 'dried rosemary']"
189,Portuguese-Cod-Casserole-Recipezaar,"['onions', 'olive oil', 'garlic cloves', 'potatoes', 'plum tomatoes', 'oil', 'fish fillets', 'chicken broth', 'pepper', 'salt']"
190,Portuguese-Arroz-Con-Mariscos_seafood-And-Rice-Recipezaar,"['garlic cloves', 'cider vinegar', 'olive oil', 'yellow onion', 'green bell pepper', 'tomato sauce', 'beer', 'short-grain rice', 'water', 'salt', 'black pepper', 'mixed frozen seafood']"
191,Portuguese-Piri-Piri-Chicken-Recipezaar_1,"['fresh lime juice', 'cider vinegar', 'paprika', 'Angostura Aromatic Bitters', 'hot pepper sauce', 'red chili peppers', 'chili peppers', 'garlic', 'chicken breasts']"
192,Portuguese-Pork-Tenderloin-Recipezaar,"['pork tenderloin', 'flour', 'salt', 'pepper', 'paprika', 'butter', 'onions', 'mushrooms', 'dry white wine', 'rosemary', 'lemon juice', 'fresh parsley']"
193,Portuguese-Black-Bean-Chicken-Stew-Recipezaar,"['dried black beans', 'water', 'boneless skinless chicken breasts', 'red pepper', 'red onion', 'okra', 'garlic', 'tomatoes', 'scallions', 'basil', 'chopped cilantro', 'ground cumin', 'cracked black pepper']"
194,Portuguese-_acorean_-Shrimp-Recipezaar,"['olive oil', 'onions', 'garlic cloves', 'ground pepper', 'red pepper', 'tomato paste', 'beer', 'fresh parsley', 'water', 'shrimp']"
195,Hilda_s-Portuguese-Stewed-Chicken-Food_com-149416,"['chicken', 'flour', 'emerils original essence', 'olive oil', 'chorizo sausage', 'onions', 'potatoes', 'red pepper', 'yellow peppers', 'chopped tomatoes', 'shallots', 'garlic', 'kalamata', 'white wine', 'chopped parsley', 'green onions', 'crushed red pepper flakes', 'black pepper', 'salt', 'white rice', 'spinach leaves', 'parmesan cheese']"
196,Portuguese-Mixed-Grill-1154511,"['red wine vinegar', 'salt', 'cracked black pepper', 'olive oil', 'fresh oregano leaves', 'skinless chicken thighs', 'red onion', 'sausage links', 'picholine', 'olives', 'oregano']"
197,Portuguese-Fish-Stew-Recipezaar_2,"['onions', 'garlic cloves', 'green pepper', 'olive oil', 'tomatoes', 'tomato sauce', 'water', 'dry white wine', 'fish fillets', 'fresh parsley', 'crushed red pepper', 'pepper', 'salt']"
198,Baked-Cod-Portuguese-Recipezaar,"['unsalted butter', 'fish fillets', 'onions', 'plum tomatoes', 'sun-dried tomatoes in oil', 'fish stock', 'white wine', 'fresh parsley', 'ground black pepper', 'salt', 'parsley']"
199,Peppery-Portuguese-Pasta-Recipezaar,"['olive oil', 'onions', 'carrots', 'leeks', 'tomatoes', 'tomato purée', 'dried basil', 'hot chili sauce', 'garlic cloves', 'haricots verts', 'pepper', 'salt']"
200,Portuguese-Chourico-Stew-Allrecipes,"['chourico', 'onions', 'garlic', 'tomato sauce', 'water', 'potatoes', 'red pepper flakes', 'paprika', 'green beans']"
201,Portuguese-Spiced-Beef-Stew-Recipezaar,"['olive oil', 'fat', 'round steaks', 'salt', 'pepper', 'onions', 'garlic', 'dry red wine', 'tomato paste', 'pickling spices', 'bay leaf', 'italian tomatoes', 'Italian bread', 'chopped fresh mint']"
202,Portuguese-Chicken-Burger-Recipezaar,"['chicken breasts', 'jalapeno chilies', 'lemon juice', 'ginger', 'olive oil', 'paprika', 'garlic cloves', 'sugar', 'red pepper flakes', 'hamburger buns', 'flour', 'salt']"
203,Moules-Portuguese-Recipezaar,"['olive oil', 'onions', 'garlic cloves', 'spanish paprika', 'chorizo sausage', 'red chili peppers', 'tomato passata', 'mussels', 'dry white wine', 'tomatoes', 'new potatoes', 'basil', 'ground black pepper']"
204,Fish-And-Portuguese-Shrimp-Recipezaar,"['olive oil', 'chorizo sausage', 'red onion', 'garlic', 'red pepper flakes', 'tomatoes', 'dry white wine', 'medium shrimp', 'fillet red snapper', 'linguine', 'ground black pepper', 'salt', 'chopped parsley', 'chopped fresh mint']"
205,Portuguese-Steak-Recipezaar,"['red wine vinegar', 'garlic cloves', 'beef tenderloin steaks', 'salt', 'pepper', 'butter', 'olive oil', 'red wine', 'tomato paste', 'prosciutto', 'parsley']"
206,Mood-Beef-_portuguese-Beef-Stew_-Recipezaar,"['olive oil', 'round steaks', 'salt', 'ground black pepper', 'onions', 'green pepper', 'garlic cloves', 'tomato paste', 'italian plum tomatoes', 'water', 'bay leaf', 'crushed red pepper flakes', 'ditalini', 'fresh parsley leaves']"
207,Grilled-Sea-Bass-With-A-Portuguese-Sauce-Recipezaar,"['fish fillets', 'olive oil', 'pepper', 'salt', 'chopped onion', 'roma tomatoes', 'pitted black olives', 'fresh fava bean', 'minced garlic', 'anchovy fillets', 'finely chopped fresh parsley', 'fresh basil', 'chopped fresh thyme', 'fresh oregano', 'white wine', 'butter', 'black pepper']"
208,Braised-Portuguese-Sausage-and-Blue-Lake-Green-Beans-Food_com-74248,"['fresh parsley', 'fresh rosemary', 'winter savory', 'lemon thyme', 'bay leaves', 'juniper berries', 'black peppercorns', 'unsalted butter', 'sausages', 'maui onion', 'garlic cloves', 'fine sea salt', 'ground black pepper', 'white wine', 'vegetable stock', 'green beans', 'red potato']"
209,Spicy-Portuguese-Bowl-My-Recipes,"['collard greens', 'chorizo sausage', 'chopped onion', 'garlic cloves', 'fat free less sodium chicken broth', 'navy beans', 'black pepper', 'fettucine']"
210,Bola-De-Carne-_-Portuguese-Meat-Pie-Recipezaar,"['milk', 'yeast', 'flour', 'salt', 'margarine', 'eggs', 'chicken', 'sausages', 'ham', 'egg yolks']"
211,Bacalhau-_-Portuguese-Codfish-Cakes-Recipezaar,"['dried salted codfish', 'olive oil', 'bread crumbs', 'yellow onion', 'fresh mint', 'fresh cilantro', 'chopped parsley', 'garlic cloves', 'paprika', 'Tabasco Pepper Sauce', 'pepper', 'salt', 'eggs']"
212,Beefs-Portuguese-Style-Allrecipes,"['red wine', 'water', 'garlic', 'chile paste', 'white pepper', 'salt', 'beef tenderloin steaks', 'vegetable oil']"
213,Breaded-Cube-Steaks-a-La-Portuguese-Food_com-150901,"['rib eye steaks', 'seasoned flour', 'eggs', 'bread crumbs', 'melted butter', 'olive oil', 'cooking oil', 'ham', 'cheese', 'butter', 'onions', 'green olives', 'tomato sauce', 'jalapeno chilies', 'serrano peppers', 'salt', 'sugar']"
214,Portuguese-Turkey-Brine-537158,"['turkey', 'salt', 'dry white wine', 'large garlic cloves', 'hungarian paprika', 'bay leaves', 'hot pepper sauce', 'fresh oregano leaves', 'bacon', 'stuffing']"
215,Portuguese-Cacoula-537238,"['white wine', 'vegetable oil', 'seasoning', 'garlic powder', 'allspice', 'cinnamon', 'cumin', 'sea salt', 'crushed red pepper flakes', 'black pepper', 'pork butt']"
216,Portuguese-Fish-Stew-Recipezaar_1,"['fish', 'salt', 'olive oil', 'red onion', 'garlic cloves', 'parsley', 'tomatoes', 'vinegar', 'black peppercorns', 'hot sauce', 'chili peppers', 'bay leaves', 'grated nutmeg', 'green pepper', 'butter', 'bread']"
217,Portuguese-Style-Salt-Cod-1153335,"['cod fillets', 'olive oil', 'onions', 'garlic', 'all-purpose potatoes', 'tomatoes', 'fresh parsley', 'salt', 'ground black pepper', 'eggs', 'oil-cured black olives', 'capers']"
218,Galinha-a-Africana-_Portuguese-Chicken_-568955,"['arctic char', 'chilies', 'chili peppers', 'garlic cloves', 'coriander', 'paprika', 'red wine vinegar', 'boneless chicken thighs', 'olive oil', 'lemon wedges', 'cilantro leaves']"
219,Portuguese-Spicy-Crab-553131,"['crab', 'garlic cloves', 'green onions', 'hot pepper', 'white vinegar', 'paprika', 'salt', 'parsley', 'ketchup', 'black pepper', 'ground cumin', 'oil']"
220,Meat-Pies-With-Spicy-Portuguese-Sauce-Food_com-94340,"['ground veal', 'bread crumbs', 'fresh cilantro', 'flat leaf parsley', 'buttermilk', 'large eggs', 'minced garlic', 'salt', 'crushed red pepper flakes', 'water', 'creole seasoning', 'all-purpose flour', 'vegetable oil', 'extra-virgin olive oil', 'yellow onion', 'anchovy fillets', 'kalamata', 'crushed tomatoes', 'tomato paste', 'cilantro', 'ground black pepper']"
221,Portuguese-Fava-Bean-Stew-Allrecipes,"['olive oil', 'onions', 'garlic', 'chile paste', 'tomato sauce', 'water', 'fresh parsley', 'salt', 'ground black pepper', 'paprika', 'sausage casings', 'fava beans']"
222,Braised-Rabbit_-Portuguese-Style-__coelho-Estufado__-549974,"['rabbit', 'white wine', 'beer', 'garlic cloves', 'parsley', 'paprika', 'bay leaf', 'piri-piri sauce', 'salt', 'ground black pepper', 'onions', 'extra-virgin olive oil', 'parboiled rice']"
223,Portuguese-Bean-Soup-Ii-Allrecipes,"['sausages', 'ham hock', 'onions', 'water', 'carrots', 'potatoes', 'cabbage', 'tomato sauce', 'kidney beans', 'macaroni']"
224,Portuguese-Pork-_Porco-Frita-a-La-Portuguesa_-543529,"['pork loin', 'garlic cloves', 'paprika', 'cayenne pepper', 'bay leaves', 'bay leaf', 'sea salt', 'ground black pepper', 'lemon', 'olive oil', 'white wine', 'potatoes']"
225,Portuguese-Chicken-_-Sausage-566799,"['potatoes', 'carrots', 'celery ribs', 'onions', 'dry white wine', 'sugar', 'salt', 'extra-virgin olive oil', 'chicken broth', 'sausages', 'tomato sauce', 'chicken', 'flat leaf parsley']"
226,Portuguese-Red-Pork-My-Recipes,"['jalapeno chilies', 'red pepper', 'fat', 'olive oil', 'onions', 'garlic', 'dry white wine', 'chopped parsley', 'salt', 'ground pepper']"
227,Portuguese-Trinchado-509969,"['worcestershire sauce', 'balsamic vinegar', 'margarine', 'olive oil', 'beef', 'onions', 'red chili peppers', 'garlic cloves', 'flour', 'beef stock', 'red wine', 'bay leaves', 'sugar', 'ground black pepper', 'salt', 'bread']"
228,Alcatra-_-Portuguese-Pot-Roast-With-Wine_-Bacon-_-Garlic_-550789,"['lean bacon', 'olive oil', 'rump roast', 'onions', 'garlic', 'bay leaves', 'peppercorns', 'clove', 'tomato paste', 'white wine', 'salt']"
229,Portuguese-Pot-Roast-in-Wine-_-Garlic-550251,"['dry red wine', 'tomato paste', 'fresh parsley', 'fresh oregano', 'bay leaves', 'paprika', 'crushed red pepper flakes', 'salt', 'rump roast', 'chourico', 'garlic cloves', 'spanish onion', 'cold water', 'yukon gold potatoes', 'carrots']"
230,Linguica-Sausage-_-Portuguese-_-551981,"['pork butt', 'salt', 'garlic cloves', 'hot pepper', 'coriander', 'paprika', 'cinnamon', 'ground cloves', 'allspice', 'cider vinegar', 'cold water']"
231,Portuguese-Cacoila-_Alcatra_-558052,"['beef roast', 'butter', 'olive oil', 'bacon', 'onions', 'large garlic cloves', 'paprika', 'bay leaves', 'peppercorns', 'wine vinegar', 'allspice', 'tomato paste', 'wine', 'coarse salt']"
232,Mike_s-Portuguese-Tuna-Rice-Casserole-AllRecipes,"['water', 'white rice', 'butter', 'olive oil', 'onions', 'garlic', 'tuna', 'heavy cream', 'ketchup', 'hot pepper sauce', 'pepper', 'salt', 'sliced black olives', 'shredded cheddar cheese']"
233,Portuguese-Beans-With-Kale-And-Linguica-Allrecipes,"['pink beans', 'bacon', 'sausages', 'red onion', 'elephant garlic', 'ground black pepper', 'savory', 'ground cumin', 'smoked paprika', 'kale', 'chipotles in adobo']"
234,Portuguese-Clams-with-Linguica-and-Tomatoes-1361238,"['olive oil', 'chorizo', 'onions', 'diced tomatoes', 'clams', 'white wine', 'hot pepper sauce', 'chopped fresh cilantro']"
235,Portuguese-Clams-with-Linguica-and-Tomatoes-539528,"['olive oil', 'chorizo', 'onions', 'diced tomatoes', 'clams', 'white wine', 'hot pepper sauce', 'chopped fresh cilantro']"
236,Portuguese-Fish-Stew-Food-Network,"['extra-virgin olive oil', 'onions', 'garlic cloves', 'linguica', 'thyme sprigs', 'fresh oregano', 'bay leaves', 'yukon gold potatoes', 'chicken broth', 'kale', 'sea salt', 'ground black pepper', 'littleneck clams', 'perch', 'flat leaf parsley', 'crusty bread']"
237,Portuguese-Chicken-Livers-_-Rice-562347,"['chicken livers', 'butter', 'pepper', 'salt', 'olive oil', 'minced onion', 'garlic', 'long-grain rice', 'chicken broth', 'tomato sauce', 'dried basil', 'dried oregano']"
238,Portuguese-Bacalhau-a-Bras-_Salt-Cod-and-Potatoes_-537328,"['dried salted codfish', 'russet potatoes', 'olive oil', 'onions', 'bay leaves', 'eggs', 'chopped parsley', 'minced garlic', 'pepper flakes', 'Tabasco Pepper Sauce', 'green olives', 'black olives', 'black pepper', 'salt', 'lemon wedges', 'french fries', 'potatoes']"
239,Portuguese-Barbecued-Chicken-CBC-Best-Recipes-Ever-575256,"['chicken pieces', 'dry white wine', 'grated lemon zest', 'lemon juice', 'tomato paste', 'olive oil', 'paprika', 'hot pepper sauce', 'salt', 'garlic cloves']"
240,Portuguese-Salt-Cod-Stew-_Bacalhoada_-Simply-Recipes-42817,"['cod fillets', 'extra-virgin olive oil', 'milk', 'vidalia onion', 'waxy potatoes', 'eggs', 'pitted black olives', 'ground black pepper', 'kosher salt']"
241,Portuguese-Flank-Steak-625935,"['flank steak', 'garlic', 'olive oil', 'sea salt', 'paprika', 'piri piri pepper', 'lemon', 'bay leaf']"
242,Portuguese-Grilled-Chicken-2085758,"['chicken', 'lemon', 'white wine', 'olive oil', 'garlic', 'paprika', 'black pepper', 'piri-piri sauce', 'fresh parsley', 'salt']"
243,Portuguese-Bean-Soup-1526725,"['kidney beans', 'ham hock', 'sausages', 'onions', 'garlic cloves', 'water', 'tomato sauce', 'large potatoes', 'large carrots', 'cabbage', 'macaroni']"
244,Sticky-Portuguese-Paleo-Chicken-Wings-784444,"['chicken wings', 'coconut oil', 'garlic', 'lemon', 'tomato paste', 'coriander seeds', 'onion powder', 'coconut aminos', 'sea salt']"
245,Nando_s-Portuguese-Chicken-Burgers-1360216,"['red chili peppers', 'red capsicum', 'garlic cloves', 'vegetable oil', 'malt vinegar', 'paprika', 'dried oregano', 'onion powder', 'white sugar', 'salt', 'black pepper', 'red food coloring', 'mayonnaise', 'sour cream', 'olive oil', 'chicken thigh fillets', 'soft rolls', 'tomatoes', 'lettuce', 'potatoes']"
246,Portuguese-Chicken-with-Piri-Piri-Sauce-2352942,"['onions', 'lemon', 'chicken breasts', 'garlic cloves', 'olive oil', 'smoked paprika', 'piri-piri sauce', 'sea salt', 'parsley']"
247,Portuguese-Chicken-1213837,"['chicken', 'yellow onion', 'carrots', 'button mushrooms', 'butter', 'flour', 'ground tumeric', 'coconut milk', 'milk', 'water', 'white pepper', 'salt']"
248,Portuguese-Style-Chicken-2210302,"['chicken', 'fresh lime juice', 'olive oil', 'garlic cloves', 'chili flakes', 'salt', 'ground coriander', 'sweet paprika', 'dried oregano', 'baby spinach leaves']"
249,Portuguese-Chicken-597679,"['chicken', 'red chili peppers', 'red capsicum', 'lemon', 'paprika', 'salt', 'dried oregano', 'vegetable oil', 'garlic', 'vinegar', 'black pepper', 'red food coloring', 'mayonnaise', 'marinade']"
250,Nando_s-Portuguese-Chicken-Burgers-2202270,"['red chili peppers', 'red bell pepper', 'garlic cloves', 'vegetable oil', 'malt vinegar', 'paprika', 'dried oregano', 'onion powder', 'white sugar', 'salt', 'black pepper', 'red food coloring', 'piri-piri sauce', 'mayonnaise', 'sour cream', 'olive oil', 'chicken thigh fillets', 'soft rolls', 'tomatoes', 'lettuce', 'potatoes']"
251,Portuguese-Cod-Stew-1313945,"['oil', 'all-purpose potatoes', 'chorizo', 'garlic', 'water', 'kale', 'vegetables', 'whole peeled tomatoes', 'cod']"
252,Nandos-Portuguese-style-prawns-1010470,"['prawns', 'butter', 'crushed garlic', 'Nandos Peri-Peri Sauce', 'lemon']"
253,Portuguese-Hake-Baked-In-Mayonnaise-2207755,"['waxy potatoes', 'olive oil', 'onions', 'garlic cloves', 'chopped parsley', 'hake fillets', 'lemon', 'mayonnaise']"
